SEND,CLIENT,186.216.143.226,186.216.143.226,1513883886001,1513883886024,.png,43574,SERVER_EXTERNAL
SEND,CLIENT,186.216.143.226,186.216.143.226,1513883887185,1513883887189,.png,60606,SERVER_EXTERNAL
SEND,CLIENT,186.216.143.226,186.216.143.226,1513883888334,1513883888340,.png,62303,SERVER_EXTERNAL
SEND,CLIENT,186.216.143.226,186.216.143.226,1513883889494,1513883889498,.png,62372,SERVER_EXTERNAL
SEND,CLIENT,186.216.143.226,186.216.143.226,1513883890637,1513883890640,.png,69598,SERVER_EXTERNAL
SEND,CLIENT,186.216.143.226,186.216.143.226,1513883891796,1513883891801,.png,78311,SERVER_EXTERNAL
SEND,CLIENT,186.216.143.226,186.216.143.226,1513883893041,1513883893043,.png,81702,SERVER_EXTERNAL
SEND,CLIENT,186.216.143.226,186.216.143.226,1513883894218,1513883894325,.png,86564,SERVER_EXTERNAL
SEND,CLIENT,186.216.143.226,186.216.143.226,1513883895487,1513883895524,.pdf,107050,SERVER_EXTERNAL
SEND,CLIENT,186.216.143.226,186.216.143.226,1513883896672,1513883896698,.png,124105,SERVER_EXTERNAL
SEND,CLIENT,186.216.143.226,186.216.143.226,1513883897883,1513883898023,.pdf,321740,SERVER_EXTERNAL
SEND,CLIENT,186.216.143.226,186.216.143.226,1513883899204,1513883899344,.pdf,405687,SERVER_EXTERNAL
SEND,CLIENT,186.216.143.226,186.216.143.226,1513883900639,1513883900879,.pdf,463639,SERVER_EXTERNAL
SEND,CLIENT,186.216.143.226,186.216.143.226,1513883902075,1513883902313,.mp4,478886,SERVER_EXTERNAL
SEND,CLIENT,186.216.143.226,186.216.143.226,1513883903530,1513883903842,.pdf,573824,SERVER_EXTERNAL
SEND,CLIENT,186.216.143.226,186.216.143.226,1513883905015,1513883905336,.mp4,603517,SERVER_EXTERNAL
SEND,CLIENT,186.216.143.226,186.216.143.226,1513883906503,1513883906884,.png,848806,SERVER_EXTERNAL
SEND,CLIENT,186.216.143.226,186.216.143.226,1513883908094,1513883908501,.pdf,1009014,SERVER_EXTERNAL
SEND,CLIENT,186.216.143.226,186.216.143.226,1513883909748,1513883910126,.pdf,1084673,SERVER_EXTERNAL
SEND,CLIENT,186.216.143.226,186.216.143.226,1513883911461,1513883912257,.mp4,2232746,SERVER_EXTERNAL
SEND,CLIENT,186.216.143.226,186.216.143.226,1513883913480,1513883914291,.pdf,2459010,SERVER_EXTERNAL
SEND,CLIENT,186.216.143.226,186.216.143.226,1513883915544,1513883916296,.mp3,3363260,SERVER_EXTERNAL
SEND,CLIENT,186.216.143.226,186.216.143.226,1513883918210,1513883919546,.pdf,3409257,SERVER_EXTERNAL
SEND,CLIENT,186.216.143.226,186.216.143.226,1513883920862,1513883922859,.mp3,4846713,SERVER_EXTERNAL
SEND,CLIENT,186.216.143.226,186.216.143.226,1513883924343,1513883926567,.mp3,4905254,SERVER_EXTERNAL
SEND,CLIENT,186.216.143.226,186.216.143.226,1513883927987,1513883930559,.mp3,5178593,SERVER_EXTERNAL
SEND,CLIENT,186.216.143.226,186.216.143.226,1513883932062,1513883935176,.mp3,5963776,SERVER_EXTERNAL
SEND,CLIENT,186.216.143.226,186.216.143.226,1513883936551,1513883939947,.mp3,6897963,SERVER_EXTERNAL
SEND,CLIENT,186.216.143.226,186.216.143.226,1513883941286,1513883944738,.pdf,6947882,SERVER_EXTERNAL
SEND,CLIENT,186.216.143.226,186.216.143.226,1513883946039,1513883949783,.mp3,7522076,SERVER_EXTERNAL
SEND,CLIENT,186.216.143.226,186.216.143.226,1513883951053,1513883954996,.mp3,7700653,SERVER_EXTERNAL
SEND,CLIENT,186.216.143.226,186.216.143.226,1513883956291,1513883960925,.mp4,7953382,SERVER_EXTERNAL
SEND,CLIENT,186.216.143.226,186.216.143.226,1513883962161,1513883966505,.mp3,8012705,SERVER_EXTERNAL
SEND,CLIENT,186.216.143.226,186.216.143.226,1513883967789,1513883972147,.mp4,8297488,SERVER_EXTERNAL
SEND,CLIENT,186.216.143.226,186.216.143.226,1513883973607,1513883978492,.mp3,9945088,SERVER_EXTERNAL
SEND,CLIENT,186.216.143.226,186.216.143.226,1513883980290,1513884114539,.iso,238026752,SERVER_EXTERNAL
SEND,CLIENT,186.216.143.226,186.216.143.226,1513884116015,1513884480067,.iso,647823360,SERVER_EXTERNAL
