RECEIVED,SERVER_EXTERNAL,186.216.143.226,186.216.143.226,1513819691044,1513819691066,.png,43574,SERVER_EXTERNAL
RECEIVED,SERVER_EXTERNAL,186.216.143.226,186.216.143.226,1513819692370,1513819692434,.png,60606,SERVER_EXTERNAL
RECEIVED,SERVER_EXTERNAL,186.216.143.226,186.216.143.226,1513819695807,1513819695862,.png,62303,SERVER_EXTERNAL
RECEIVED,SERVER_EXTERNAL,186.216.143.226,186.216.143.226,1513819697259,1513819697311,.png,62372,SERVER_EXTERNAL
RECEIVED,SERVER_EXTERNAL,186.216.143.226,186.216.143.226,1513819698735,1513819698803,.png,69598,SERVER_EXTERNAL
RECEIVED,SERVER_EXTERNAL,186.216.143.226,186.216.143.226,1513819703311,1513819703338,.png,78311,SERVER_EXTERNAL
RECEIVED,SERVER_EXTERNAL,186.216.143.226,186.216.143.226,1513819704713,1513819704805,.png,81702,SERVER_EXTERNAL
RECEIVED,SERVER_EXTERNAL,186.216.143.226,186.216.143.226,1513819707129,1513819707197,.png,86564,SERVER_EXTERNAL
RECEIVED,SERVER_EXTERNAL,186.216.143.226,186.216.143.226,1513819708620,1513819708697,.pdf,107050,SERVER_EXTERNAL
RECEIVED,SERVER_EXTERNAL,186.216.143.226,186.216.143.226,1513819710053,1513819710140,.png,124105,SERVER_EXTERNAL
RECEIVED,SERVER_EXTERNAL,186.216.143.226,186.216.143.226,1513819712435,1513819712755,.pdf,321740,SERVER_EXTERNAL
RECEIVED,SERVER_EXTERNAL,186.216.143.226,186.216.143.226,1513819714070,1513819714287,.pdf,405687,SERVER_EXTERNAL
RECEIVED,SERVER_EXTERNAL,186.216.143.226,186.216.143.226,1513819715640,1513819715974,.pdf,463639,SERVER_EXTERNAL
RECEIVED,SERVER_EXTERNAL,186.216.143.226,186.216.143.226,1513819717396,1513819717631,.mp4,478886,SERVER_EXTERNAL
RECEIVED,SERVER_EXTERNAL,186.216.143.226,186.216.143.226,1513819719077,1513819720170,.pdf,573824,SERVER_EXTERNAL
RECEIVED,SERVER_EXTERNAL,186.216.143.226,186.216.143.226,1513819723526,1513819723922,.mp4,603517,SERVER_EXTERNAL
RECEIVED,SERVER_EXTERNAL,186.216.143.226,186.216.143.226,1513819725398,1513819725828,.png,848806,SERVER_EXTERNAL
RECEIVED,SERVER_EXTERNAL,186.216.143.226,186.216.143.226,1513819727331,1513819727814,.pdf,1009014,SERVER_EXTERNAL
RECEIVED,SERVER_EXTERNAL,186.216.143.226,186.216.143.226,1513819729340,1513819729850,.pdf,1084673,SERVER_EXTERNAL
RECEIVED,SERVER_EXTERNAL,186.216.143.226,186.216.143.226,1513819731306,1513819732102,.mp4,2232746,SERVER_EXTERNAL
RECEIVED,SERVER_EXTERNAL,186.216.143.226,186.216.143.226,1513819733549,1513819734473,.pdf,2459010,SERVER_EXTERNAL
RECEIVED,SERVER_EXTERNAL,186.216.143.226,186.216.143.226,1513819735861,1513819737367,.mp3,3363260,SERVER_EXTERNAL
RECEIVED,SERVER_EXTERNAL,186.216.143.226,186.216.143.226,1513819739672,1513819741083,.pdf,3409257,SERVER_EXTERNAL
RECEIVED,SERVER_EXTERNAL,186.216.143.226,186.216.143.226,1513819742429,1513819744695,.mp3,4846713,SERVER_EXTERNAL
RECEIVED,SERVER_EXTERNAL,186.216.143.226,186.216.143.226,1513819745845,1513819748327,.mp3,4905254,SERVER_EXTERNAL
RECEIVED,SERVER_EXTERNAL,186.216.143.226,186.216.143.226,1513819750643,1513819753423,.mp3,5178593,SERVER_EXTERNAL
RECEIVED,SERVER_EXTERNAL,186.216.143.226,186.216.143.226,1513819754658,1513819758076,.mp3,5963776,SERVER_EXTERNAL
RECEIVED,SERVER_EXTERNAL,186.216.143.226,186.216.143.226,1513819759438,1513819763292,.mp3,6897963,SERVER_EXTERNAL
RECEIVED,SERVER_EXTERNAL,186.216.143.226,186.216.143.226,1513819764766,1513819769397,.pdf,6947882,SERVER_EXTERNAL
RECEIVED,SERVER_EXTERNAL,186.216.143.226,186.216.143.226,1513819770744,1513819774815,.mp3,7522076,SERVER_EXTERNAL
RECEIVED,SERVER_EXTERNAL,186.216.143.226,186.216.143.226,1513819776128,1513819780289,.mp3,7700653,SERVER_EXTERNAL
RECEIVED,SERVER_EXTERNAL,186.216.143.226,186.216.143.226,1513819781558,1513819787319,.mp4,7953382,SERVER_EXTERNAL
RECEIVED,SERVER_EXTERNAL,186.216.143.226,186.216.143.226,1513819788623,1513819792856,.mp3,8012705,SERVER_EXTERNAL
RECEIVED,SERVER_EXTERNAL,186.216.143.226,186.216.143.226,1513819794617,1513819800347,.mp4,8297488,SERVER_EXTERNAL
RECEIVED,SERVER_EXTERNAL,186.216.143.226,186.216.143.226,1513819801583,1513819807363,.mp3,9945088,SERVER_EXTERNAL
RECEIVED,SERVER_EXTERNAL,186.216.143.226,186.216.143.226,1513819808684,1513819944647,.iso,238026752,SERVER_EXTERNAL
RECEIVED,SERVER_EXTERNAL,186.216.143.226,186.216.143.226,1513819945876,1513820322567,.iso,647823360,SERVER_EXTERNAL
