REQUEST_SEARCH,0,1513884599305,192.168.1.4,XT1069,-,SERVER_EXTERNAL
RECEIVED,GO,192.168.1.4,XT1069,1513884605314,1513884605417,.png,43574,IMPORT_FROM_SERVER
RECEIVED,GO,192.168.1.4,XT1069,1513884606463,1513884606661,.png,60606,IMPORT_FROM_SERVER
RECEIVED,GO,192.168.1.4,XT1069,1513884607704,1513884607830,.png,62303,IMPORT_FROM_SERVER
RECEIVED,GO,192.168.1.4,XT1069,1513884608866,1513884608993,.png,62372,IMPORT_FROM_SERVER
RECEIVED,GO,192.168.1.4,XT1069,1513884610042,1513884610201,.png,69598,IMPORT_FROM_SERVER
RECEIVED,GO,192.168.1.4,XT1069,1513884611255,1513884611381,.png,78311,IMPORT_FROM_SERVER
RECEIVED,GO,192.168.1.4,XT1069,1513884612434,1513884612572,.png,81702,IMPORT_FROM_SERVER
RECEIVED,GO,192.168.1.4,XT1069,1513884613634,1513884613888,.png,86564,IMPORT_FROM_SERVER
RECEIVED,GO,192.168.1.4,XT1069,1513884614932,1513884615099,.pdf,107050,IMPORT_FROM_SERVER
RECEIVED,GO,192.168.1.4,XT1069,1513884616138,1513884616303,.png,124105,IMPORT_FROM_SERVER
RECEIVED,GO,192.168.1.4,XT1069,1513884617346,1513884617657,.pdf,321740,IMPORT_FROM_SERVER
RECEIVED,GO,192.168.1.4,XT1069,1513884618702,1513884619331,.pdf,405687,IMPORT_FROM_SERVER
RECEIVED,GO,192.168.1.4,XT1069,1513884620377,1513884620844,.pdf,463639,IMPORT_FROM_SERVER
RECEIVED,GO,192.168.1.4,XT1069,1513884621882,1513884622493,.mp4,478886,IMPORT_FROM_SERVER
RECEIVED,GO,192.168.1.4,XT1069,1513884623563,1513884624363,.pdf,573824,IMPORT_FROM_SERVER
RECEIVED,GO,192.168.1.4,XT1069,1513884625403,1513884625964,.mp4,603517,IMPORT_FROM_SERVER
RECEIVED,GO,192.168.1.4,XT1069,1513884627006,1513884627760,.png,848806,IMPORT_FROM_SERVER
RECEIVED,GO,192.168.1.4,XT1069,1513884628801,1513884629377,.pdf,1009014,IMPORT_FROM_SERVER
RECEIVED,GO,192.168.1.4,XT1069,1513884630417,1513884630990,.pdf,1084673,IMPORT_FROM_SERVER
RECEIVED,GO,192.168.1.4,XT1069,1513884632031,1513884632915,.mp4,2232746,IMPORT_FROM_SERVER
RECEIVED,GO,192.168.1.4,XT1069,1513884633965,1513884634905,.pdf,2459010,IMPORT_FROM_SERVER
RECEIVED,GO,192.168.1.4,XT1069,1513884635943,1513884637352,.mp3,3363260,IMPORT_FROM_SERVER
RECEIVED,GO,192.168.1.4,XT1069,1513884638392,1513884640120,.pdf,3409257,IMPORT_FROM_SERVER
RECEIVED,GO,192.168.1.4,XT1069,1513884641150,1513884643752,.mp3,4846713,IMPORT_FROM_SERVER
RECEIVED,GO,192.168.1.4,XT1069,1513884644793,1513884647552,.mp3,4905254,IMPORT_FROM_SERVER
RECEIVED,GO,192.168.1.4,XT1069,1513884648590,1513884651707,.mp3,5178593,IMPORT_FROM_SERVER
RECEIVED,GO,192.168.1.4,XT1069,1513884652748,1513884656144,.mp3,5963776,IMPORT_FROM_SERVER
RECEIVED,GO,192.168.1.4,XT1069,1513884657186,1513884660834,.mp3,6897963,IMPORT_FROM_SERVER
RECEIVED,GO,192.168.1.4,XT1069,1513884661873,1513884665917,.pdf,6947882,IMPORT_FROM_SERVER
RECEIVED,GO,192.168.1.4,XT1069,1513884666992,1513884671319,.mp3,7522076,IMPORT_FROM_SERVER
RECEIVED,GO,192.168.1.4,XT1069,1513884672372,1513884677286,.mp3,7700653,IMPORT_FROM_SERVER
RECEIVED,GO,192.168.1.4,XT1069,1513884678332,1513884682638,.mp4,7953382,IMPORT_FROM_SERVER
RECEIVED,GO,192.168.1.4,XT1069,1513884683684,1513884690428,.mp3,8012705,IMPORT_FROM_SERVER
RECEIVED,GO,192.168.1.4,XT1069,1513884691479,1513884698532,.mp4,8297488,IMPORT_FROM_SERVER
RECEIVED,GO,192.168.1.4,XT1069,1513884699577,1513884705123,.mp3,9945088,IMPORT_FROM_SERVER
RECEIVED,GO,192.168.1.4,XT1069,1513884706167,1513884839976,.iso,238026752,IMPORT_FROM_SERVER
RECEIVED,GO,192.168.1.4,XT1069,1513884841028,1513885205256,.iso,647823360,IMPORT_FROM_SERVER
