REQUEST_SEARCH,0,1513867045205,192.168.1.3,XT1069,-,SERVER_LOCAL
END_SEARCH,0,1513867045338,192.168.1.3,XT1069,-,SERVER_LOCAL
RECEIVED,GO,192.168.1.3,XT1069,1513867052007,1513867052075,.png,43574,IMPORT_FROM_SERVER
RECEIVED,GO,192.168.1.3,XT1069,1513867053107,1513867053186,.png,60606,IMPORT_FROM_SERVER
RECEIVED,GO,192.168.1.3,XT1069,1513867054205,1513867054294,.png,62303,IMPORT_FROM_SERVER
RECEIVED,GO,192.168.1.3,XT1069,1513867055315,1513867055382,.png,62372,IMPORT_FROM_SERVER
RECEIVED,GO,192.168.1.3,XT1069,1513867056407,1513867056469,.png,69598,IMPORT_FROM_SERVER
RECEIVED,GO,192.168.1.3,XT1069,1513867057501,1513867057614,.png,78311,IMPORT_FROM_SERVER
RECEIVED,GO,192.168.1.3,XT1069,1513867058633,1513867058702,.png,81702,IMPORT_FROM_SERVER
RECEIVED,GO,192.168.1.3,XT1069,1513867059732,1513867059819,.png,86564,IMPORT_FROM_SERVER
RECEIVED,GO,192.168.1.3,XT1069,1513867064047,1513867064146,.pdf,107050,IMPORT_FROM_SERVER
RECEIVED,GO,192.168.1.3,XT1069,1513867065164,1513867065261,.png,124105,IMPORT_FROM_SERVER
RECEIVED,GO,192.168.1.3,XT1069,1513867066280,1513867066530,.pdf,321740,IMPORT_FROM_SERVER
RECEIVED,GO,192.168.1.3,XT1069,1513867067551,1513867067879,.pdf,405687,IMPORT_FROM_SERVER
RECEIVED,GO,192.168.1.3,XT1069,1513867068919,1513867069279,.pdf,463639,IMPORT_FROM_SERVER
RECEIVED,GO,192.168.1.3,XT1069,1513867070299,1513867070668,.mp4,478886,IMPORT_FROM_SERVER
RECEIVED,GO,192.168.1.3,XT1069,1513867071688,1513867072164,.pdf,573824,IMPORT_FROM_SERVER
RECEIVED,GO,192.168.1.3,XT1069,1513867073183,1513867073620,.mp4,603517,IMPORT_FROM_SERVER
RECEIVED,GO,192.168.1.3,XT1069,1513867074641,1513867075264,.png,848806,IMPORT_FROM_SERVER
RECEIVED,GO,192.168.1.3,XT1069,1513867076282,1513867077067,.pdf,1009014,IMPORT_FROM_SERVER
RECEIVED,GO,192.168.1.3,XT1069,1513867078098,1513867078941,.pdf,1084673,IMPORT_FROM_SERVER
RECEIVED,GO,192.168.1.3,XT1069,1513867079961,1513867081595,.mp4,2232746,IMPORT_FROM_SERVER
RECEIVED,GO,192.168.1.3,XT1069,1513867082623,1513867084664,.pdf,2459010,IMPORT_FROM_SERVER
RECEIVED,GO,192.168.1.3,XT1069,1513867085689,1513867088033,.mp3,3363260,IMPORT_FROM_SERVER
RECEIVED,GO,192.168.1.3,XT1069,1513867089053,1513867091521,.pdf,3409257,IMPORT_FROM_SERVER
RECEIVED,GO,192.168.1.3,XT1069,1513867092541,1513867095990,.mp3,4846713,IMPORT_FROM_SERVER
RECEIVED,GO,192.168.1.3,XT1069,1513867097013,1513867100500,.mp3,4905254,IMPORT_FROM_SERVER
RECEIVED,GO,192.168.1.3,XT1069,1513867101520,1513867105219,.mp3,5178593,IMPORT_FROM_SERVER
RECEIVED,GO,192.168.1.3,XT1069,1513867106235,1513867110843,.mp3,5963776,IMPORT_FROM_SERVER
RECEIVED,GO,192.168.1.3,XT1069,1513867111873,1513867116581,.mp3,6897963,IMPORT_FROM_SERVER
RECEIVED,GO,192.168.1.3,XT1069,1513867117610,1513867122685,.pdf,6947882,IMPORT_FROM_SERVER
RECEIVED,GO,192.168.1.3,XT1069,1513867123702,1513867128928,.mp3,7522076,IMPORT_FROM_SERVER
RECEIVED,GO,192.168.1.3,XT1069,1513867129954,1513867135221,.mp3,7700653,IMPORT_FROM_SERVER
RECEIVED,GO,192.168.1.3,XT1069,1513867136247,1513867141875,.mp4,7953382,IMPORT_FROM_SERVER
RECEIVED,GO,192.168.1.3,XT1069,1513867142902,1513867148386,.mp3,8012705,IMPORT_FROM_SERVER
RECEIVED,GO,192.168.1.3,XT1069,1513867149414,1513867155651,.mp4,8297488,IMPORT_FROM_SERVER
RECEIVED,GO,192.168.1.3,XT1069,1513867156683,1513867163876,.mp3,9945088,IMPORT_FROM_SERVER
RECEIVED,GO,192.168.1.3,XT1069,1513867164901,1513867328275,.iso,238026752,IMPORT_FROM_SERVER
RECEIVED,GO,192.168.1.3,XT1069,1513867329300,1513867810349,.iso,647823360,IMPORT_FROM_SERVER
